,Australian Grand Prix,16 Mar,04:00
,Australian Grand Prix Free Practice 1,14 Mar,01:30
,Australian Grand Prix Free Practice 2,14 Mar,05:00
,Australian Grand Prix Free Practice 3,15 Mar,01:30
,Australian Grand Prix Qualifying,15 Mar,05:00
,Australian Grand Prix Grand Prix,16 Mar,04:00
,Chinese Grand Prix,23 Mar,07:00
,Chinese Grand Prix Free Practice 1,21 Mar,03:30
,Chinese Grand Prix Sprint Qualifying,21 Mar,07:30
,Chinese Grand Prix Sprint,22 Mar,03:00
,Chinese Grand Prix Qualifying,22 Mar,07:00
,Chinese Grand Prix Grand Prix,23 Mar,07:00
,Japanese Grand Prix,6 Apr,06:00
,Japanese Grand Prix Free Practice 1,4 Apr,03:30
,Japanese Grand Prix Free Practice 2,4 Apr,07:00
,Japanese Grand Prix Free Practice 3,5 Apr,03:30
,Japanese Grand Prix Qualifying,5 Apr,07:00
,Japanese Grand Prix Grand Prix,6 Apr,06:00
,Bahrain Grand Prix,13 Apr,16:00
,Bahrain Grand Prix Free Practice 1,11 Apr,12:30
,Bahrain Grand Prix Free Practice 2,11 Apr,16:00
,Bahrain Grand Prix Free Practice 3,12 Apr,13:30
,Bahrain Grand Prix Qualifying,12 Apr,17:00
,Bahrain Grand Prix Grand Prix,13 Apr,16:00
,Saudi Arabian Grand Prix,20 Apr,18:00
,Saudi Arabian Grand Prix Free Practice 1,18 Apr,14:30
,Saudi Arabian Grand Prix Free Practice 2,18 Apr,18:00
,Saudi Arabian Grand Prix Free Practice 3,19 Apr,14:30
,Saudi Arabian Grand Prix Qualifying,19 Apr,18:00
,Saudi Arabian Grand Prix Grand Prix,20 Apr,18:00
,Miami Grand PrixNEXT,,
,Miami Grand Prix Free Practice 1,2 May,17:30
,Miami Grand Prix Sprint Qualifying,2 May,21:30
,Miami Grand Prix Sprint,3 May,17:00
,Miami Grand Prix Qualifying,3 May,21:00
,Miami Grand Prix Grand Prix,4 May,21:00
,Emilia Romagna Grand Prix,18 May,14:00
,Emilia Romagna Grand Prix Free Practice 1,16 May,12:30
,Emilia Romagna Grand Prix Free Practice 2,16 May,16:00
,Emilia Romagna Grand Prix Free Practice 3,17 May,11:30
,Emilia Romagna Grand Prix Qualifying,17 May,15:00
,Emilia Romagna Grand Prix Grand Prix,18 May,14:00
,Monaco Grand Prix,25 May,14:00
,Monaco Grand Prix Free Practice 1,23 May,12:30
,Monaco Grand Prix Free Practice 2,23 May,16:00
,Monaco Grand Prix Free Practice 3,24 May,11:30
,Monaco Grand Prix Qualifying,24 May,15:00
,Monaco Grand Prix Grand Prix,25 May,14:00
,Spanish Grand Prix,1 Jun,14:00
,Spanish Grand Prix Free Practice 1,30 May,12:30
,Spanish Grand Prix Free Practice 2,30 May,16:00
,Spanish Grand Prix Free Practice 3,31 May,11:30
,Spanish Grand Prix Qualifying,31 May,15:00
,Spanish Grand Prix Grand Prix,1 Jun,14:00
,Canadian Grand Prix,15 Jun,19:00
,Canadian Grand Prix Free Practice 1,13 Jun,18:30
,Canadian Grand Prix Free Practice 2,13 Jun,22:00
,Canadian Grand Prix Free Practice 3,14 Jun,17:30
,Canadian Grand Prix Qualifying,14 Jun,21:00
,Canadian Grand Prix Grand Prix,15 Jun,19:00
,Austrian Grand Prix,29 Jun,14:00
,Austrian Grand Prix Free Practice 1,27 Jun,12:30
,Austrian Grand Prix Free Practice 2,27 Jun,16:00
,Austrian Grand Prix Free Practice 3,28 Jun,11:30
,Austrian Grand Prix Qualifying,28 Jun,15:00
,Austrian Grand Prix Grand Prix,29 Jun,14:00
,British Grand Prix,6 Jul,15:00
,British Grand Prix Free Practice 1,4 Jul,12:30
,British Grand Prix Free Practice 2,4 Jul,16:00
,British Grand Prix Free Practice 3,5 Jul,11:30
,British Grand Prix Qualifying,5 Jul,15:00
,British Grand Prix Grand Prix,6 Jul,15:00
,Belgian Grand Prix,27 Jul,14:00
,Belgian Grand Prix Free Practice 1,25 Jul,11:30
,Belgian Grand Prix Sprint Qualifying,25 Jul,15:30
,Belgian Grand Prix Sprint,26 Jul,11:00
,Belgian Grand Prix Qualifying,26 Jul,15:00
,Belgian Grand Prix Grand Prix,27 Jul,14:00
,Hungarian Grand Prix,3 Aug,14:00
,Hungarian Grand Prix Free Practice 1,1 Aug,12:30
,Hungarian Grand Prix Free Practice 2,1 Aug,16:00
,Hungarian Grand Prix Free Practice 3,2 Aug,11:30
,Hungarian Grand Prix Qualifying,2 Aug,15:00
,Hungarian Grand Prix Grand Prix,3 Aug,14:00
,Dutch Grand Prix,31 Aug,14:00
,Dutch Grand Prix Free Practice 1,29 Aug,11:30
,Dutch Grand Prix Free Practice 2,29 Aug,15:00
,Dutch Grand Prix Free Practice 3,30 Aug,10:30
,Dutch Grand Prix Qualifying,30 Aug,14:00
,Dutch Grand Prix Grand Prix,31 Aug,14:00
,Italian Grand Prix,7 Sep,14:00
,Italian Grand Prix Free Practice 1,5 Sep,12:30
,Italian Grand Prix Free Practice 2,5 Sep,16:00
,Italian Grand Prix Free Practice 3,6 Sep,11:30
,Italian Grand Prix Qualifying,6 Sep,15:00
,Italian Grand Prix Grand Prix,7 Sep,14:00
,Azerbaijan Grand Prix,21 Sep,12:00
,Azerbaijan Grand Prix Free Practice 1,19 Sep,09:30
,Azerbaijan Grand Prix Free Practice 2,19 Sep,13:00
,Azerbaijan Grand Prix Free Practice 3,20 Sep,09:30
,Azerbaijan Grand Prix Qualifying,20 Sep,13:00
,Azerbaijan Grand Prix Grand Prix,21 Sep,12:00
,Singapore Grand Prix,5 Oct,13:00
,Singapore Grand Prix Free Practice 1,3 Oct,10:30
,Singapore Grand Prix Free Practice 2,3 Oct,14:00
,Singapore Grand Prix Free Practice 3,4 Oct,10:30
,Singapore Grand Prix Qualifying,4 Oct,14:00
,Singapore Grand Prix Grand Prix,5 Oct,13:00
,United States Grand Prix,19 Oct,20:00
,United States Grand Prix Free Practice 1,17 Oct,18:30
,United States Grand Prix Sprint Qualifying,17 Oct,22:30
,United States Grand Prix Sprint,18 Oct,18:00
,United States Grand Prix Qualifying,18 Oct,22:00
,United States Grand Prix Grand Prix,19 Oct,20:00
,Mexico City Grand Prix,26 Oct,20:00
,Mexico City Grand Prix Free Practice 1,24 Oct,19:30
,Mexico City Grand Prix Free Practice 2,24 Oct,23:00
,Mexico City Grand Prix Free Practice 3,25 Oct,18:30
,Mexico City Grand Prix Qualifying,25 Oct,22:00
,Mexico City Grand Prix Grand Prix,26 Oct,20:00
,Brazilian Grand Prix,9 Nov,17:00
,Brazilian Grand Prix Free Practice 1,7 Nov,14:30
,Brazilian Grand Prix Sprint Qualifying,7 Nov,18:30
,Brazilian Grand Prix Sprint,8 Nov,14:00
,Brazilian Grand Prix Qualifying,8 Nov,18:00
,Brazilian Grand Prix Grand Prix,9 Nov,17:00
,Las Vegas Grand Prix,23 Nov,04:00
,Las Vegas Grand Prix Free Practice 1,21 Nov,00:30
,Las Vegas Grand Prix Free Practice 2,21 Nov,04:00
,Las Vegas Grand Prix Free Practice 3,22 Nov,00:30
,Las Vegas Grand Prix Qualifying,22 Nov,04:00
,Las Vegas Grand Prix Grand Prix,23 Nov,04:00
,Qatar Grand Prix,30 Nov,16:00
,Qatar Grand Prix Free Practice 1,28 Nov,13:30
,Qatar Grand Prix Sprint Qualifying,28 Nov,17:30
,Qatar Grand Prix Sprint,29 Nov,14:00
,Qatar Grand Prix Qualifying,29 Nov,18:00
,Qatar Grand Prix Grand Prix,30 Nov,16:00
,Abu Dhabi Grand Prix,7 Dec,13:00
,Abu Dhabi Grand Prix Free Practice 1,5 Dec,09:30
,Abu Dhabi Grand Prix Free Practice 2,5 Dec,13:00
,Abu Dhabi Grand Prix Free Practice 3,6 Dec,10:30
,Abu Dhabi Grand Prix Qualifying,6 Dec,14:00
,Abu Dhabi Grand Prix Grand Prix,7 Dec,13:00
